{"resource_pack_name":"Furnicraft[Resource]","texture_name":"atlas.items","texture_data":{"egg_camel":{"textures":"textures/items/egg_camel"},"egg_lion":{"textures":"textures/items/egg_lion"},"egg_penguin":{"textures":"textures/items/egg_penguin"},"egg_tiger":{"textures":"textures/items/egg_tiger"},"egg_elephant":{"textures":"textures/items/egg_elephant"},"egg_deer":{"textures":"textures/items/egg_deer"},"egg_panther":{"textures":"textures/items/egg_panther"},"egg_frog":{"textures":"textures/items/egg_frog"},"egg_crocodile":{"textures":"textures/items/egg_crocodile"},"egg_mouse":{"textures":"textures/items/egg_mouse"},"gallardo":{"textures":"textures/items/gallardo"},"bench":{"textures":"textures/items/bench"},"christmas_tree":{"textures":"textures/items/christmas_tree"},"tivi":{"textures":"textures/items/tivi"},"closet":{"textures":"textures/items/closet"},"laptop":{"textures":"textures/items/laptop"},"piano":{"textures":"textures/items/piano"},"armchairs":{"textures":"textures/items/armchairs"},"chair":{"textures":"textures/items/chair"},"big_table":{"textures":"textures/items/big_table"},"small_table":{"textures":"textures/items/small_table"},"drone":{"textures":"textures/items/drone"},"colorful_gifts":{"textures":"textures/items/colorful_gifts"},"pa:cheese":{"textures":"textures/items/pamobile/pa_cheese"},"pa:shooter_sheep":{"textures":"textures/items/pamobile/pa_shooter_sheep"},"pa:tnt_creeper":{"textures":"textures/items/pamobile/pa_tnt_creeper"},"pa:cheese_cow":{"textures":"textures/items/pamobile/pa_cheese_cow"},"pa:ender_pig":{"textures":"textures/items/pamobile/pa_ender_pig"},"pa:ore_chicken":{"textures":"textures/items/pamobile/pa_ore_chicken"},"pa:wooden_man":{"textures":"textures/items/pamobile/pa_wooden_man"},"pa_emerald_rare_block":{"textures":"textures/blocks/pa_emerald_rare_block"},"pa_gold_lucky_block":{"textures":"textures/blocks/pa_gold_lucky_block"},"pa_iron_stain_block":{"textures":"textures/blocks/pa_iron_stain_block"},"pa_diamond_unsearched_block":{"textures":"textures/blocks/pa_diamond_unsearched_block"},"pa_coal_lighten_block":{"textures":"textures/blocks/pa_coal_lighten_block"},"pa_redstone_unpowered_block":{"textures":"textures/blocks/pa_redstone_unpowered_block"},"pa_lapis_beginning_block":{"textures":"textures/blocks/pa_lapis_beginning_block"}}}