{"resource_pack_name":"vanilla","texture_name":"atlas.terrain","padding":8,"num_mip_levels":4,"texture_data":{"pa_emerald_rare_block":{"textures":"textures/blocks/pa_emerald_rare_block"},"pa_gold_lucky_block":{"textures":"textures/blocks/pa_gold_lucky_block"},"pa_iron_stain_block":{"textures":"textures/blocks/pa_iron_stain_block"},"pa_diamond_unsearched_block":{"textures":"textures/blocks/pa_diamond_unsearched_block"},"pa_coal_lighten_block":{"textures":"textures/blocks/pa_coal_lighten_block"},"pa_redstone_unpowered_block":{"textures":"textures/blocks/pa_redstone_unpowered_block"},"pa_lapis_beginning_block":{"textures":"textures/blocks/pa_lapis_beginning_block"}}}