{"format_version":"1.8.0","minecraft:spawn_rules":{"description":{"identifier":"pa:shooter_sheep","population_control":"animal"},"conditions":[{"minecraft:spawns_underground":{},"minecraft:spawns_on_surface":{},"minecraft:spawns_on_block_filter":"minecraft:grass","minecraft:brightness_filter":{"min":1,"max":15,"adjust_for_weather":false},"minecraft:weight":{"default":100},"minecraft:herd":{"min_size":1,"max_size":4},"minecraft:density_limit":{"surface":5},"minecraft:biome_filter":[{"any_of":[{"test":"has_biome_tag","operator":"==","value":"overworld"},{"test":"has_biome_tag","operator":"==","value":"overworld_generation"},{"test":"has_biome_tag","operator":"==","value":"animal"},{"test":"has_biome_tag","operator":"==","value":"flower_forest"},{"test":"has_biome_tag","operator":"==","value":"birch_forest"},{"test":"has_biome_tag","operator":"==","value":"birch_forest_hills"},{"test":"has_biome_tag","operator":"==","value":"birch_forest_mutated"},{"test":"has_biome_tag","operator":"==","value":"jungle"},{"test":"has_biome_tag","operator":"==","value":"jungle_hills"},{"test":"has_biome_tag","operator":"==","value":"jungle_mutated"},{"test":"has_biome_tag","operator":"==","value":"jungle_edge"},{"test":"has_biome_tag","operator":"==","value":"jungle_edge_mutated"},{"test":"has_biome_tag","operator":"==","value":"bamboo_jungle"},{"test":"has_biome_tag","operator":"==","value":"bamboo_jungle_hills"},{"test":"has_biome_tag","operator":"==","value":"taiga"},{"test":"has_biome_tag","operator":"==","value":"taiga_hills"},{"test":"has_biome_tag","operator":"==","value":"taiga_mutated"},{"test":"has_biome_tag","operator":"==","value":"cold_taiga"},{"test":"has_biome_tag","operator":"==","value":"cold_taiga_hills"},{"test":"has_biome_tag","operator":"==","value":"mega_taiga"},{"test":"has_biome_tag","operator":"==","value":"mega_taiga_hills"},{"test":"has_biome_tag","operator":"==","value":"savanna"},{"test":"has_biome_tag","operator":"==","value":"savanna_plateau"},{"test":"has_biome_tag","operator":"==","value":"savanna_mutated"},{"test":"has_biome_tag","operator":"==","value":"savanna_plateau_mutated"},{"test":"has_biome_tag","operator":"==","value":"plains"},{"test":"has_biome_tag","operator":"==","value":"sunflower_plains"},{"test":"has_biome_tag","operator":"==","value":"mesa"},{"test":"has_biome_tag","operator":"==","value":"mesa_plateau"}]}]},{"minecraft:spawns_underground":{},"minecraft:brightness_filter":{"min":1,"max":15,"adjust_for_weather":false},"minecraft:weight":{"default":100},"minecraft:herd":{"min_size":1,"max_size":4},"minecraft:density_limit":{"surface":5},"minecraft:biome_filter":[{"any_of":[{"test":"has_biome_tag","operator":"==","value":"overworld"},{"test":"has_biome_tag","operator":"==","value":"overworld_generation"},{"test":"has_biome_tag","operator":"==","value":"animal"},{"test":"has_biome_tag","operator":"==","value":"flower_forest"},{"test":"has_biome_tag","operator":"==","value":"birch_forest"},{"test":"has_biome_tag","operator":"==","value":"birch_forest_hills"},{"test":"has_biome_tag","operator":"==","value":"birch_forest_mutated"},{"test":"has_biome_tag","operator":"==","value":"jungle"},{"test":"has_biome_tag","operator":"==","value":"jungle_hills"},{"test":"has_biome_tag","operator":"==","value":"jungle_mutated"},{"test":"has_biome_tag","operator":"==","value":"jungle_edge"},{"test":"has_biome_tag","operator":"==","value":"jungle_edge_mutated"},{"test":"has_biome_tag","operator":"==","value":"bamboo_jungle"},{"test":"has_biome_tag","operator":"==","value":"bamboo_jungle_hills"},{"test":"has_biome_tag","operator":"==","value":"taiga"},{"test":"has_biome_tag","operator":"==","value":"taiga_hills"},{"test":"has_biome_tag","operator":"==","value":"taiga_mutated"},{"test":"has_biome_tag","operator":"==","value":"cold_taiga"},{"test":"has_biome_tag","operator":"==","value":"cold_taiga_hills"},{"test":"has_biome_tag","operator":"==","value":"mega_taiga"},{"test":"has_biome_tag","operator":"==","value":"mega_taiga_hills"},{"test":"has_biome_tag","operator":"==","value":"savanna"},{"test":"has_biome_tag","operator":"==","value":"savanna_plateau"},{"test":"has_biome_tag","operator":"==","value":"savanna_mutated"},{"test":"has_biome_tag","operator":"==","value":"savanna_plateau_mutated"},{"test":"has_biome_tag","operator":"==","value":"plains"},{"test":"has_biome_tag","operator":"==","value":"sunflower_plains"},{"test":"has_biome_tag","operator":"==","value":"mesa"},{"test":"has_biome_tag","operator":"==","value":"mesa_plateau"}]}]}]}}