{"format_version":"1.8.0","minecraft:spawn_rules":{"description":{"identifier":"pa:tnt_creeper","population_control":"monster"},"conditions":[{"minecraft:spawns_underground":{},"minecraft:spawns_on_surface":{},"minecraft:spawns_on_block_filter":"minecraft:grass","minecraft:brightness_filter":{"min":1,"max":15,"adjust_for_weather":false},"minecraft:weight":{"default":100},"minecraft:herd":{"min_size":1,"max_size":4},"minecraft:density_limit":{"surface":5},"minecraft:biome_filter":[{"any_of":[{"test":"has_biome_tag","operator":"==","value":"overworld"},{"test":"has_biome_tag","operator":"==","value":"overworld_generation"},{"test":"has_biome_tag","operator":"==","value":"monster"},{"test":"has_biome_tag","operator":"==","value":"beach"},{"test":"has_biome_tag","operator":"==","value":"jungle"},{"test":"has_biome_tag","operator":"==","value":"taiga"},{"test":"has_biome_tag","operator":"==","value":"savanna"},{"test":"has_biome_tag","operator":"==","value":"plains"},{"test":"has_biome_tag","operator":"==","value":"desert"},{"test":"has_biome_tag","operator":"==","value":"extreme_hills"},{"test":"has_biome_tag","operator":"==","value":"extreme_hills_plus_trees"},{"test":"has_biome_tag","operator":"==","value":"extreme_hills_mutated"},{"test":"has_biome_tag","operator":"==","value":"extreme_hills_plus_trees_mutated"},{"test":"has_biome_tag","operator":"==","value":"extreme_hills_edge"},{"test":"has_biome_tag","operator":"==","value":"mesa"}]}]},{"minecraft:spawns_underground":{},"minecraft:brightness_filter":{"min":1,"max":15,"adjust_for_weather":false},"minecraft:weight":{"default":100},"minecraft:herd":{"min_size":1,"max_size":4},"minecraft:density_limit":{"surface":5},"minecraft:biome_filter":[{"any_of":[{"test":"has_biome_tag","operator":"==","value":"overworld"},{"test":"has_biome_tag","operator":"==","value":"overworld_generation"},{"test":"has_biome_tag","operator":"==","value":"monster"},{"test":"has_biome_tag","operator":"==","value":"beach"},{"test":"has_biome_tag","operator":"==","value":"jungle"},{"test":"has_biome_tag","operator":"==","value":"taiga"},{"test":"has_biome_tag","operator":"==","value":"savanna"},{"test":"has_biome_tag","operator":"==","value":"plains"},{"test":"has_biome_tag","operator":"==","value":"desert"},{"test":"has_biome_tag","operator":"==","value":"extreme_hills"},{"test":"has_biome_tag","operator":"==","value":"extreme_hills_plus_trees"},{"test":"has_biome_tag","operator":"==","value":"extreme_hills_mutated"},{"test":"has_biome_tag","operator":"==","value":"extreme_hills_plus_trees_mutated"},{"test":"has_biome_tag","operator":"==","value":"extreme_hills_edge"},{"test":"has_biome_tag","operator":"==","value":"mesa"}]}]}]}}