{"id":"1588657663628","name":"Shooter Sheep loot ","pools":[{"rolls":4,"entries":[{"type":"item","weight":1,"name":"minecraft:arrow","functions":[{"function":"set_count","count":{"min":1,"max":1}}]},{"type":"item","weight":1,"name":"minecraft:flint","functions":[{"function":"set_count","count":{"min":1,"max":1}}]},{"type":"item","weight":1,"name":"minecraft:muttonraw","functions":[{"function":"set_count","count":{"min":1,"max":1}}]},{"type":"item","weight":1,"name":"minecraft:stick","functions":[{"function":"set_count","count":{"min":1,"max":1}}]},{"type":"item","weight":1,"name":"minecraft:wool","functions":[{"function":"set_count","count":{"min":1,"max":1}}]},{"type":"item","weight":1,"name":"minecraft:wool","functions":[{"function":"set_count","count":{"min":1,"max":1}}]},{"type":"item","weight":1,"name":"minecraft:wool","functions":[{"function":"set_count","count":{"min":1,"max":1}}]}]}]}