{"id":"1588775251814","name":"Wooden Man loot","pools":[{"rolls":1,"entries":[{"type":"item","weight":1,"name":"minecraft:log","functions":[{"function":"set_count","count":{"min":1,"max":1}}]},{"type":"item","weight":1,"name":"minecraft:log","functions":[{"function":"set_count","count":{"min":1,"max":1}}]},{"type":"item","weight":1,"name":"minecraft:log","functions":[{"function":"set_count","count":{"min":1,"max":1}}]},{"type":"item","weight":1,"name":"minecraft:log","functions":[{"function":"set_count","count":{"min":1,"max":1}}]},{"type":"item","weight":1,"name":"minecraft:log2","functions":[{"function":"set_count","count":{"min":1,"max":1}}]},{"type":"item","weight":1,"name":"minecraft:log2","functions":[{"function":"set_count","count":{"min":1,"max":1}}]}]}]}