{"format_version":"1.8.0","minecraft:entity":{"description":{"identifier":"pa:cheese_cow","is_spawnable":true,"is_summonable":true,"is_experimental":false},"component_groups":{"minecraft:cow_baby":{"minecraft:is_baby":{},"minecraft:scale":{"value":0.5},"minecraft:ageable":{"duration":1200,"feedItems":"wheat","grow_up":{"event":"minecraft:ageable_grow_up","target":"self"}},"minecraft:behavior.follow_parent":{"priority":6,"speed_multiplier":1.1}},"minecraft:cow_adult":{"minecraft:behavior.breed":{"priority":3,"speed_multiplier":1.0},"minecraft:breedable":{"requireTame":false,"breedItems":"wheat","breedsWith":{"mateType":"minecraft:cow","babyType":"minecraft:cow","breed_event":{"event":"minecraft:entity_born","target":"baby"}}},"minecraft:interact":[{"on_interact":{"filters":{"all_of":[{"test":"is_family","subject":"other","value":"player"},{"test":"has_equipment","domain":"hand","subject":"other","value":"bucket:0"}]}},"use_item":true,"transform_to_item":"bucket:1","play_sounds":"milk","interact_text":"action.interact.milk"}]}},"components":{"minecraft:type_family":{"family":["cheese_cow"]},"minecraft:breathable":{"totalSupply":15,"suffocateTime":0,"generatesBubbles":true},"minecraft:navigation.walk":{"can_path_over_water":true,"avoid_water":true,"avoid_damage_blocks":true},"minecraft:movement.basic":{},"minecraft:jump.static":{},"minecraft:can_climb":{},"minecraft:collision_box":{"width":0.9,"height":1.3},"minecraft:nameable":{},"minecraft:health":{"value":10,"max":10},"minecraft:movement":{"value":0.4},"minecraft:behavior.float":{"priority":0},"minecraft:behavior.mount_pathing":{"priority":2,"speed_multiplier":1.5,"target_dist":0.0,"track_target":true},"minecraft:behavior.breed":{"priority":3,"speed_multiplier":1.0},"minecraft:behavior.tempt":{"priority":4,"speed_multiplier":1.25,"items":["wheat"]},"minecraft:behavior.follow_parent":{"priority":5,"speed_multiplier":1.1},"minecraft:behavior.random_stroll":{"priority":6,"speed_multiplier":0.8},"minecraft:behavior.look_at_player":{"priority":7,"look_distance":6.0,"probability":0.02},"minecraft:behavior.random_look_around":{"priority":9},"minecraft:leashable":{"soft_distance":4.0,"hard_distance":6.0,"max_distance":10.0},"minecraft:balloonable":{},"minecraft:physics":{},"minecraft:scale":{"value":1,"max":1},"minecraft:behavior.panic":{"speed_multiplier":1.25},"minecraft:loot":{"table":"loot_tables/entities/pa:cheese_cow.json"}},"events":{"minecraft:entity_spawned":{"randomize":[{"weight":95,"add":{"component_groups":["minecraft:cow_adult"]}},{"weight":5,"add":{"component_groups":["minecraft:cow_baby"]}}]},"minecraft:entity_born":{"add":{"component_groups":["minecraft:cow_baby"]}},"minecraft:entity_transformed":{"remove":{},"add":{"component_groups":["minecraft:cow_adult"]}},"minecraft:ageable_grow_up":{"remove":{"component_groups":["minecraft:cow_baby"]},"add":{"component_groups":["minecraft:cow_adult"]}}}}}