{"format_version":"1.10.0","minecraft:client_entity":{"description":{"identifier":"pa:shooter_sheep","materials":{"default":"sheep"},"textures":{"default":"textures/entity/pamobile/pa_shooter_sheep"},"geometry":{"default":"geometry.sheep","sheared":"geometry.sheep.sheared"},"particle_emitters":{"flame":"animation.blaze.flame"},"animations":{"setup":"animation.sheep.setup","grazing":"animation.sheep.grazing","walk":"animation.quadruped.walk","look_at_target":"animation.common.look_at_target","baby_transform":"animation.sheep.baby_transform","move":"controller.animation.sheep.move"},"scripts":{"animate":["setup","look_at_target","move",{"baby_transform":"query.is_baby"}]},"render_controllers":["controller.render.sheep"],"spawn_egg":{"texture":"pa:shooter_sheep","texture_index":0}}}}