{"pa:emerald_rare_block":{"textures":"pa_emerald_rare_block","sound":"stone"},"pa:gold_lucky_block":{"textures":"pa_gold_lucky_block","sound":"stone"},"pa:iron_stain_block":{"textures":"pa_iron_stain_block","sound":"stone"},"pa:diamond_unsearched_block":{"textures":"pa_diamond_unsearched_block","sound":"stone"},"pa:coal_lighten_block":{"textures":"pa_coal_lighten_block","sound":"stone"},"pa:redstone_unpowered_block":{"textures":"pa_redstone_unpowered_block","sound":"stone"},"pa:lapis_beginning_block":{"textures":"pa_lapis_beginning_block","sound":"stone"}}