{"format_version":"1.8.0","minecraft:entity":{"description":{"identifier":"pa:shooter_sheep","is_spawnable":true,"is_summonable":true,"is_experimental":false},"component_groups":{"minecraft:loot_sheared":{},"minecraft:loot_wooly":{},"minecraft:rideable_sheared":{"minecraft:rideable":{"seat_count":1,"family_types":["zombie"],"seats":{"position":[0.0,0.9,0.0]}}},"minecraft:rideable_wooly":{"minecraft:rideable":{"seat_count":1,"family_types":["zombie"],"seats":{"position":[0.0,0.975,0.0]}}},"minecraft:sheep_baby":{"minecraft:is_baby":{},"minecraft:scale":{"value":0.5},"minecraft:ageable":{"duration":1200,"feedItems":"wheat","grow_up":{"event":"minecraft:ageable_grow_up","target":"self"}},"minecraft:behavior.follow_parent":{"priority":6,"speed_multiplier":1.1}},"minecraft:sheep_adult":{"minecraft:behavior.breed":{"priority":3,"speed_multiplier":1.0},"minecraft:breedable":{"requireTame":false,"breedsWith":{"mateType":"minecraft:sheep","babyType":"minecraft:sheep"},"breedItems":"wheat"}},"minecraft:sheep_dyeable":{"minecraft:is_dyeable":{"interact_text":"action.interact.dye"}},"minecraft:sheep_sheared":{"minecraft:is_sheared":{}},"minecraft:sheep_white":{"minecraft:color":{"value":0}},"minecraft:sheep_brown":{"minecraft:color":{"value":12}},"minecraft:sheep_black":{"minecraft:color":{"value":15}},"minecraft:sheep_gray":{"minecraft:color":{"value":8}},"minecraft:sheep_light_gray":{"minecraft:color":{"value":7}},"minecraft:sheep_pink":{"minecraft:color":{"value":6}},"minecraft:sheep_red":{"minecraft:color":{"value":14}}},"components":{"minecraft:type_family":{"family":["shooter_sheep"]},"minecraft:breathable":{"totalSupply":15,"suffocateTime":0,"generatesBubbles":true},"minecraft:collision_box":{"width":0.9,"height":1.3},"minecraft:nameable":{},"minecraft:health":{"value":20,"max":20},"minecraft:movement":{"value":0.25},"minecraft:navigation.walk":{"can_path_over_water":true,"avoid_water":true},"minecraft:movement.basic":{},"minecraft:jump.static":{},"minecraft:can_climb":{},"minecraft:interact":[{"cooldown":2.5,"use_item":false,"hurt_item":1,"spawn_items":{"table":"loot_tables/entities/sheep_shear.json"},"play_sounds":"shear","interact_text":"action.interact.shear","on_interact":{"filters":{"all_of":[{"test":"has_equipment","subject":"other","domain":"hand","value":"shears"},{"test":"is_family","subject":"other","value":"player"},{"test":"has_component","operator":"!=","value":"minecraft:is_baby"},{"test":"has_component","value":"minecraft:is_dyeable"}]},"event":"minecraft:on_sheared","target":"self"}}],"minecraft:leashable":{"soft_distance":4.0,"hard_distance":6.0,"max_distance":10.0},"minecraft:balloonable":{"mass":0.75},"minecraft:behavior.float":{"priority":0},"minecraft:behavior.mount_pathing":{"priority":2,"speed_multiplier":1.5,"target_dist":0.0,"track_target":true},"minecraft:behavior.tempt":{"priority":4,"speed_multiplier":1.25,"items":["wheat"]},"minecraft:behavior.follow_parent":{"priority":5,"speed_multiplier":1.1},"minecraft:behavior.eat_block":{"priority":6,"on_eat":{"event":"minecraft:on_eat_block","target":"self"}},"minecraft:behavior.random_stroll":{"priority":7,"speed_multiplier":0.8},"minecraft:behavior.look_at_player":{"priority":8,"look_distance":6.0,"probability":0.02},"minecraft:behavior.random_look_around":{"priority":9},"minecraft:physics":{},"minecraft:scale":{"value":1,"max":1},"minecraft:behavior.breed":{"priority":3,"speed_multiplier":1.0},"minecraft:attack":{"damage":4},"minecraft:behavior.melee_attack":{"priority":2,"speed_multiplier":1.0,"target_dist":0.0,"max_dist":3,"random_stop_interval":100,"track_target":false,"reach_multiplier":1.4},"minecraft:behavior.ranged_attack":{"attack_interval_min":1,"attack_interval_max":3,"attack_radius":15,"burst_shots":1,"burst_interval":0.5},"minecraft:shooter":{"type":"Arrow","def":"minecraft:arrow"},"minecraft:behavior.nearest_attackable_target":{"priority":1,"within_radius":25,"must_reach":false,"entity_types":[{"filters":{"other_with_families":["husk","magmacube","pillager","ravager","shulker","slime","spider","stingray","vex","vindicator","witch","zombie","zombie_villager"]},"max_dist":35,"must_see":false,"walk_speed_multiplier":1.0,"sprint_speed_multiplier":1.0,"within_default":1}],"must_see":false,"speed_multiplier":1.0},"minecraft:behavior.avoid_mob_type":{"priority":3,"entity_types":[{"filters":{"other_with_families":["ravager"]},"max_dist":6,"walk_speed_multiplier":1.0,"sprint_speed_multiplier":1.2}],"max_dist":6,"walk_speed_multiplier":1.0,"sprint_speed_multiplier":1.2,"sneak_speed_multiplier":1.0},"minecraft:behavior.leap_at_target":{"priority":4,"yd":0.4,"must_be_on_ground":false,"target_dist":0.4,"speed_multiplier":1.0},"minecraft:behavior.follow_owner":{"start_distance":10.0,"speed_multiplier":1.0,"stop_distance":2.0,"priority":6},"minecraft:loot":{"table":"loot_tables/entities/pa:shooter_sheep.json"}},"events":{"minecraft:entity_spawned":{"sequence":[{"randomize":[{"weight":95,"remove":{},"add":{"component_groups":["minecraft:sheep_adult","minecraft:sheep_dyeable","minecraft:rideable_wooly","minecraft:loot_wooly"]}},{"weight":5,"remove":{},"add":{"component_groups":["minecraft:sheep_baby","minecraft:sheep_dyeable","minecraft:rideable_sheared"]}}]},{"randomize":[{"weight":81836,"add":{"component_groups":["minecraft:sheep_white"]}},{"weight":5000,"add":{"component_groups":["minecraft:sheep_black"]}},{"weight":5000,"add":{"component_groups":["minecraft:sheep_light_gray"]}},{"weight":5000,"add":{"component_groups":["minecraft:sheep_gray"]}},{"weight":3000,"add":{"component_groups":["minecraft:sheep_brown"]}},{"weight":164,"add":{"component_groups":["minecraft:sheep_pink"]}}]}]},"minecraft:entity_born":{"remove":{},"add":{"component_groups":["minecraft:sheep_baby","minecraft:sheep_dyeable","minecraft:rideable_sheared"]}},"minecraft:ageable_grow_up":{"remove":{"component_groups":["minecraft:sheep_baby"]},"add":{"component_groups":["minecraft:sheep_adult","minecraft:rideable_wooly","minecraft:loot_wooly"]}},"minecraft:on_sheared":{"remove":{"component_groups":["minecraft:sheep_dyeable","minecraft:loot_wooly"]},"add":{"component_groups":["minecraft:sheep_sheared","minecraft:rideable_sheared","minecraft:loot_sheared"]}},"minecraft:on_eat_block":{"sequence":[{"remove":{"component_groups":["minecraft:sheep_sheared"]},"add":{"component_groups":["minecraft:sheep_dyeable"]}},{"filters":{"test":"has_component","subject":"other","operator":"!=","value":"minecraft:is_baby"},"add":{"component_groups":["minecraft:rideable_wooly","minecraft:loot_wooly"]},"remove":{"component_groups":["minecraft:loot_sheared"]}}]},"wololo":{"add":{"component_groups":["minecraft:sheep_red"]}}}}}