{"format_version":"1.8.0","minecraft:entity":{"description":{"identifier":"pa:tnt_creeper","is_spawnable":true,"is_summonable":true,"is_experimental":false},"component_groups":{"minecraft:exploding":{"minecraft:explode":{"fuseLength":1.5,"fuseLit":true,"power":3,"causesFire":false,"destroyAffectedByGriefing":true}},"minecraft:charged_creeper":{"minecraft:is_charged":{}},"minecraft:charged_exploding":{"minecraft:explode":{"fuseLength":1.5,"fuseLit":true,"power":6,"causesFire":false,"destroyAffectedByGriefing":true}},"minecraft:forced_exploding":{"minecraft:target_nearby_sensor":{},"minecraft:explode":{"fuseLength":1.5,"fuseLit":true,"power":3,"causesFire":false,"destroyAffectedByGriefing":true},"minecraft:on_target_escape":{}},"minecraft:forced_charged_exploding":{"minecraft:target_nearby_sensor":{},"minecraft:explode":{"fuseLength":1.5,"fuseLit":true,"power":6,"causesFire":false,"destroyAffectedByGriefing":true},"minecraft:on_target_escape":{}}},"components":{"minecraft:type_family":{"family":["monster","tnt_creeper"]},"minecraft:breathable":{"totalSupply":15,"suffocateTime":0,"generatesBubbles":true},"minecraft:nameable":{},"minecraft:collision_box":{"width":0.6,"height":1.8},"minecraft:movement":{"value":0.2},"minecraft:navigation.walk":{"can_path_over_water":true},"minecraft:movement.basic":{},"minecraft:jump.static":{},"minecraft:health":{"value":20,"max":20},"minecraft:attack":{"damage":5},"minecraft:damage_sensor":[{"on_damage":{"filters":{"test":"is_family","subject":"other","value":"lightning"},"event":"minecraft:become_charged"},"deals_damage":false}],"minecraft:target_nearby_sensor":{"inside_range":2.5,"outside_range":6.0,"on_inside_range":{"event":"minecraft:start_exploding","target":"self"},"on_outside_range":{"event":"minecraft:stop_exploding","target":"self"}},"minecraft:interact":{"on_interact":{"filters":{"all_of":[{"test":"is_family","subject":"other","value":"player"},{"test":"has_equipment","domain":"hand","subject":"other","value":"flint_and_steel"},{"test":"has_component","operator":"!=","value":"minecraft:explode"}]},"event":"minecraft:start_exploding_forced","target":"self"},"hurt_item":1,"swing":true,"play_sounds":"ignite","interact_text":"action.interact.creeper"},"minecraft:behavior.float":{"priority":0},"minecraft:behavior.swell":{"start_distance":2.5,"stop_distance":6.0,"priority":2},"minecraft:behavior.melee_attack":{"priority":4,"speed_multiplier":1.25,"track_target":true},"minecraft:behavior.avoid_mob_type":{"priority":3,"entity_types":[{"filters":{"any_of":[{"test":"is_family","subject":"other","value":"ocelot"},{"test":"is_family","subject":"other","value":"cat"}],"other_with_families":["ocelot"]},"max_dist":6,"walk_speed_multiplier":1,"sprint_speed_multiplier":1.2}]},"minecraft:behavior.random_stroll":{"priority":5,"speed_multiplier":1},"minecraft:behavior.look_at_player":{"priority":6,"look_distance":8},"minecraft:behavior.random_look_around":{"priority":6},"minecraft:behavior.hurt_by_target":{"priority":2},"minecraft:physics":{},"minecraft:on_target_escape":{"event":"minecraft:stop_exploding","target":"self"},"minecraft:scale":{"value":1,"max":1},"minecraft:fire_immune":true,"minecraft:behavior.nearest_attackable_target":{"priority":1,"within_radius":10,"must_reach":false,"entity_types":[{"filters":{"other_with_families":["player"]},"max_dist":35,"must_see":false,"walk_speed_multiplier":1.0,"sprint_speed_multiplier":1.0,"within_default":1}],"must_see":false,"speed_multiplier":1.0},"minecraft:behavior.ranged_attack":{"attack_interval_min":1,"attack_interval_max":3,"attack_radius":15,"burst_shots":1,"burst_interval":0.5},"minecraft:shooter":{"type":"Small Fireball","def":"minecraft:small_fireball"},"minecraft:loot":{"table":"loot_tables/entities/pa:tnt_creeper.json"}},"events":{"minecraft:start_exploding_forced":{"sequence":[{"filters":{"test":"has_component","operator":"!=","value":"minecraft:is_charged"},"add":{"component_groups":["minecraft:forced_exploding"]}},{"filters":{"test":"has_component","value":"minecraft:is_charged"},"add":{"component_groups":["minecraft:forced_charged_exploding"]}}]},"minecraft:start_exploding":{"sequence":[{"filters":{"test":"has_component","operator":"!=","value":"minecraft:is_charged"},"add":{"component_groups":["minecraft:exploding"]}},{"filters":{"test":"has_component","value":"minecraft:is_charged"},"add":{"component_groups":["minecraft:charged_exploding"]}}]},"minecraft:stop_exploding":{"remove":{"component_groups":["minecraft:exploding"]}},"minecraft:become_charged":{"remove":{"component_groups":["minecraft:exploding"]},"add":{"component_groups":["minecraft:charged_creeper"]}}}}}