{"format_version":"1.8.0","minecraft:entity":{"description":{"identifier":"pa:wooden_man","is_spawnable":true,"is_summonable":true,"is_experimental":false},"component_groups":{"minecraft:enderman_calm":{"minecraft:on_target_acquired":{"event":"minecraft:become_angry","target":"self"},"minecraft:movement":{"value":0.3}},"minecraft:enderman_angry":{"minecraft:angry":{"duration":25,"calm_event":{"event":"minecraft:on_calm","target":"self"}},"minecraft:movement":{"value":0.45},"minecraft:behavior.melee_attack":{"priority":2,"speed_multiplier":1.0,"track_target":false}}},"components":{"minecraft:type_family":{"family":["wooden_enderman","enderman","monster"]},"minecraft:breathable":{"totalSupply":15,"suffocateTime":0,"generatesBubbles":true},"minecraft:nameable":{},"minecraft:health":{"value":40,"max":40},"minecraft:attack":{"damage":7},"minecraft:follow_range":{"value":32,"max":32},"minecraft:collision_box":{"width":0.6,"height":2.9},"minecraft:lookat":{"searchRadius":64.0,"setTarget":true,"look_cooldown":5.0,"filters":{"all_of":[{"subject":"other","test":"is_family","value":"player"},{"test":"has_equipment","domain":"head","subject":"other","operator":"not","value":"carved_pumpkin"}]}},"minecraft:navigation.walk":{"can_path_over_water":false,"avoid_water":true},"minecraft:movement.basic":{},"minecraft:jump.static":{},"minecraft:can_climb":{},"minecraft:behavior.float":{"priority":0},"minecraft:behavior.random_stroll":{"priority":7,"speed_multiplier":1.0},"minecraft:behavior.look_at_player":{"priority":8,"look_distance":8.0,"probability":8.0},"minecraft:behavior.random_look_around":{"priority":8},"minecraft:behavior.hurt_by_target":{"priority":3},"minecraft:behavior.enderman_leave_block":{"priority":10},"minecraft:behavior.enderman_take_block":{"priority":11},"minecraft:physics":{},"minecraft:movement":{"value":0.2,"max":0.2},"minecraft:scale":{"value":1,"max":1},"minecraft:burns_in_daylight":{},"minecraft:behavior.flee_sun":{"priority":2,"speed_multiplier":2},"minecraft:behavior.leap_at_target":{"priority":4,"yd":0.4,"must_be_on_ground":false,"target_dist":0.4,"speed_multiplier":1.0},"minecraft:loot":{"table":"loot_tables/entities/pa:wooden_man.json"}},"events":{"minecraft:entity_spawned":{"remove":{},"add":{"component_groups":["minecraft:enderman_calm"]}},"minecraft:become_angry":{"remove":{"component_groups":["minecraft:enderman_calm"]},"add":{"component_groups":["minecraft:enderman_angry"]}},"minecraft:on_calm":{"remove":{"component_groups":["minecraft:enderman_angry"]},"add":{"component_groups":["minecraft:enderman_calm"]}}}}}